page,clicks,impressions,ctr,average_position
https://blog.readyforquantum.com/posts/automatingnmapscanswithaiastepbystepguide/,62,3988,0.015546639919759278,7.722668004012036
https://readyforquantum.com/,54,15104,0.0035752118644067797,3.586533368644068
https://blog.readyforquantum.com/posts/nmapvs.zenmapchoosingtherightnetworkmappingtool/,29,11008,0.0026344476744186046,10.599382267441861
https://blog.readyforquantum.com/posts/automatingnmapscanswithaiastepbystepguide,15,656,0.022865853658536585,6.967987804878049
https://readyforquantum.com/dashboard,15,5623,0.0026676151520540637,5.136759736795305
https://readyforquantum.com/huggingface_gguf_selection_guide.html,15,21575,0.0006952491309385864,9.739745075318655
https://blog.readyforquantum.com/posts/metasploitandowasptop10addressingwebapplicationvulnerabilities/,11,603,0.01824212271973466,7.477611940298507
https://blog.readyforquantum.com/posts/nmapandhoneypotsenhancingnetworkdeceptiontechniques/,10,641,0.015600624024960999,5.69578783151326
https://blog.readyforquantum.com/posts/nmapperformancetuningoptimizingscansforlargenetworks/,9,5803,0.0015509219369291745,11.817508185421334
https://blog.readyforquantum.com/posts/metasploitvs.otherexploitationframeworksacomparativeanalysis/,8,1580,0.005063291139240506,11.474050632911393
https://readyforquantum.com/download,8,13123,0.0006096167034976758,3.0646955726586906
https://blog.readyforquantum.com/posts/ainetworkmonitoringthefutureofinfrastructuremanagement/,5,2520,0.001984126984126984,32.14682539682539
https://blog.readyforquantum.com/posts/automatednmapscansthroughaiconversation/,4,443,0.009029345372460496,6.397291196388262
https://readyforquantum.com/dashboard/?assistant=open,4,81,0.04938271604938271,7.0246913580246915
https://blog.readyforquantum.com/posts/aivstraditionalnetworkmonitoringkeydifferences,3,456,0.006578947368421052,4.927631578947368
https://blog.readyforquantum.com/posts/aivstraditionalnetworkmonitoringkeydifferences/,3,1549,0.001936733376371853,7.530019367333764
https://blog.readyforquantum.com/posts/customnmapscriptingthroughnaturallanguage/,3,486,0.006172839506172839,8.11111111111111
https://blog.readyforquantum.com/posts/metasploitandowasptop10addressingwebapplicationvulnerabilities,3,52,0.057692307692307696,7.153846153846154
https://blog.readyforquantum.com/posts/metasploitmodulesforbeginnersaiassistedpenetrationtesting/,3,588,0.00510204081632653,8.670068027210885
https://blog.readyforquantum.com/posts/metasploitpayloadgenerationcraftingeffectiveexploits,3,488,0.006147540983606557,18.645491803278688
https://blog.readyforquantum.com/posts/theroiofainetworkmonitoring,3,311,0.00964630225080386,36.37942122186495
https://blog.readyforquantum.com/posts/theroiofainetworkmonitoring/,3,3779,0.0007938608097380259,20.186292670018524
https://blog.readyforquantum.com/posts/aifornetworkconfigurationmanagement/,2,879,0.0022753128555176336,7.734926052332196
https://blog.readyforquantum.com/posts/automatingnetworkdocumentationwithai/,2,186,0.010752688172043012,9.118279569892474
https://blog.readyforquantum.com/posts/metasploitpayloadgenerationcraftingeffectiveexploits/,2,342,0.005847953216374269,20.555555555555557
https://blog.readyforquantum.com/posts/nmapandcomplianceusingnetworkmappingforregulatoryrequirements/,2,293,0.006825938566552901,8.92150170648464
https://blog.readyforquantum.com/posts/nmapforiotsecurityidentifyingandsecuringsmartdevices/,2,406,0.0049261083743842365,5.475369458128079
https://blog.readyforquantum.com/posts/whyquantumreadinessisthenewstandardincybersecurity,2,26,0.07692307692307693,43.69230769230769
https://blog.readyforquantum.com/contact/,1,62,0.016129032258064516,14.82258064516129
https://blog.readyforquantum.com/posts/10essentialnetworkmonitoringtoolsfor2024/,1,1239,0.0008071025020177562,7.4576271186440675
https://blog.readyforquantum.com/posts/advancednmapscriptingcustomizingyournetworkscans/,1,542,0.0018450184501845018,8.97970479704797
https://blog.readyforquantum.com/posts/aiassistednetworktroubleshooting,1,8,0.125,5.125
https://blog.readyforquantum.com/posts/automatingnetworkdocumentationwithai,1,13,0.07692307692307693,3.4615384615384617
https://blog.readyforquantum.com/posts/honeypotsandainextgennetworkdeceptiontechniques,1,110,0.00909090909090909,10.645454545454545
https://blog.readyforquantum.com/posts/howtomonitorssltlsvulnerabilitiesautomatically/,1,157,0.006369426751592357,12.10828025477707
https://blog.readyforquantum.com/posts/integratingnmapwithothersecuritytoolsbuildingacomprehensivetoolkit/,1,146,0.00684931506849315,8.178082191780822
https://blog.readyforquantum.com/posts/metasploitdatabaseintegrationstreamliningyourpenetrationtestingworkflow/,1,161,0.006211180124223602,29.130434782608695
https://blog.readyforquantum.com/posts/metasploitframeworkarchitectureunderstandingthecorecomponents/,1,112,0.008928571428571428,11.401785714285714
https://blog.readyforquantum.com/posts/metasploitvs.otherexploitationframeworksacomparativeanalysis,1,430,0.002325581395348837,8.855813953488372
https://blog.readyforquantum.com/posts/nmapandcomplianceusingnetworkmappingforregulatoryrequirements,1,77,0.012987012987012988,7.441558441558442
https://blog.readyforquantum.com/posts/nmapandhoneypotsenhancingnetworkdeceptiontechniques,1,58,0.017241379310344827,6.4655172413793105
https://blog.readyforquantum.com/posts/nmapforiotsecurityidentifyingandsecuringsmartdevices,1,68,0.014705882352941176,7.147058823529412
https://blog.readyforquantum.com/posts/preparingforpostquantumcryptographyapracticalguide,1,9,0.1111111111111111,8.333333333333332
https://blog.readyforquantum.com/posts/theevolutionofnetworkmonitoringfrommanualtoai/,1,150,0.006666666666666667,5.913333333333333
https://blog.readyforquantum.com/posts/theevolutionofnmapfrommanualtoaidrivenscans,1,25,0.04,7.6
https://blog.readyforquantum.com/posts/theroleofaiindetectingadvancedpersistentthreatsapts/,1,530,0.0018867924528301887,31.109433962264152
https://blog.readyforquantum.com/posts/troubleshootingaserverrealtimediagnosticswithnmapandopenssl/,1,107,0.009345794392523364,8.485981308411215
https://blog.readyforquantum.com/posts/usingaitogenerateinsightsfromnetworkmonitoringlogs/,1,336,0.002976190476190476,7.738095238095238
https://readyforquantum.com/subscription,1,8214,0.00012174336498660823,2.341855368882396
https://blog.readyforquantum.com/,0,1784,0,5.944506726457399
https://blog.readyforquantum.com/categories/,0,250,0,7.252
https://blog.readyforquantum.com/categories/agents/,0,2,0,4.5
https://blog.readyforquantum.com/categories/ai,0,11,0,5.636363636363637
https://blog.readyforquantum.com/categories/ai/,0,477,0,5.70440251572327
https://blog.readyforquantum.com/categories/alerts/,0,62,0,7.564516129032258
https://blog.readyforquantum.com/categories/api,0,1,0,6
https://blog.readyforquantum.com/categories/api/,0,30,0,7.5
https://blog.readyforquantum.com/categories/automation/,0,51,0,8.686274509803923
https://blog.readyforquantum.com/categories/capacity-planning/,0,39,0,5.564102564102564
https://blog.readyforquantum.com/categories/change-management/,0,75,0,11.68
https://blog.readyforquantum.com/categories/collaboration/,0,51,0,11.627450980392156
https://blog.readyforquantum.com/categories/comparison/,0,203,0,7.822660098522167
https://blog.readyforquantum.com/categories/configuration-management/,0,44,0,9.954545454545455
https://blog.readyforquantum.com/categories/configuration/,0,1,0,8
https://blog.readyforquantum.com/categories/custom-automation/,0,528,0,8.134469696969697
https://blog.readyforquantum.com/categories/custom-development/,0,314,0,6.1369426751592355
https://blog.readyforquantum.com/categories/custom-processors/,0,4,0,4.75
https://blog.readyforquantum.com/categories/custom-security-solutions/,0,1,0,2
https://blog.readyforquantum.com/categories/custom-solutions/,0,4,0,4
https://blog.readyforquantum.com/categories/customization/,0,13,0,8.615384615384615
https://blog.readyforquantum.com/categories/data-analysis/,0,4,0,2.5
https://blog.readyforquantum.com/categories/devops/,0,27,0,13.74074074074074
https://blog.readyforquantum.com/categories/diagnostics,0,6,0,7.333333333333333
https://blog.readyforquantum.com/categories/diagnostics/,0,4,0,9.25
https://blog.readyforquantum.com/categories/documentation/,0,6,0,4.166666666666666
https://blog.readyforquantum.com/categories/encryption/,0,172,0,7.633720930232558
https://blog.readyforquantum.com/categories/enterprise-security,0,4,0,3.75
https://blog.readyforquantum.com/categories/enterprise-security/,0,3,0,2.333333333333333
https://blog.readyforquantum.com/categories/future-tech/,0,482,0,6.1846473029045645
https://blog.readyforquantum.com/categories/getting-started/,0,7,0,2.571428571428571
https://blog.readyforquantum.com/categories/host-management,0,19,0,8.263157894736842
https://blog.readyforquantum.com/categories/host-management/,0,9,0,5.444444444444445
https://blog.readyforquantum.com/categories/host-monitoring,0,21,0,8.380952380952381
https://blog.readyforquantum.com/categories/mobile-agents/,0,1,0,6
https://blog.readyforquantum.com/categories/monitoring-tools,0,3,0,9
https://blog.readyforquantum.com/categories/monitoring-tools/,0,65,0,7.876923076923077
https://blog.readyforquantum.com/categories/monitoring/,0,10,0,5.5
https://blog.readyforquantum.com/categories/msp,0,1,0,7
https://blog.readyforquantum.com/categories/network-coverage/,0,24,0,15.708333333333334
https://blog.readyforquantum.com/categories/network-diagnostics,0,2,0,10
https://blog.readyforquantum.com/categories/network-diagnostics/,0,3,0,1.3333333333333333
https://blog.readyforquantum.com/categories/network-insights/,0,358,0,7.38268156424581
https://blog.readyforquantum.com/categories/network-monitoring/,0,3,0,3
https://blog.readyforquantum.com/categories/network-security,0,12,0,7.5
https://blog.readyforquantum.com/categories/nmap/,0,27,0,8.037037037037038
https://blog.readyforquantum.com/categories/performance/,0,11,0,13.090909090909092
https://blog.readyforquantum.com/categories/planning/,0,12,0,4.583333333333334
https://blog.readyforquantum.com/categories/power-user/,0,361,0,9.016620498614959
https://blog.readyforquantum.com/categories/quantum-computing/,0,2,0,7.5
https://blog.readyforquantum.com/categories/quantum-security,0,31,0,6.096774193548387
https://blog.readyforquantum.com/categories/quantum-security/,0,765,0,5.964705882352941
https://blog.readyforquantum.com/categories/remote-work-security,0,1,0,45
https://blog.readyforquantum.com/categories/reporting/,0,16,0,12.75
https://blog.readyforquantum.com/categories/roi/,0,15,0,8.266666666666666
https://blog.readyforquantum.com/categories/security-audits/,0,1,0,10
https://blog.readyforquantum.com/categories/security-automation/,0,8,0,31.625
https://blog.readyforquantum.com/categories/server-monitoring/,0,55,0,7.6
https://blog.readyforquantum.com/categories/ssltls/,0,27,0,12.62962962962963
https://blog.readyforquantum.com/categories/test/,0,60,0,13.35
https://blog.readyforquantum.com/categories/troubleshooting/,0,33,0,10.090909090909092
https://blog.readyforquantum.com/page/10/,0,2,0,7.5
https://blog.readyforquantum.com/page/11/,0,1,0,4
https://blog.readyforquantum.com/page/13/,0,1,0,3
https://blog.readyforquantum.com/page/14/,0,3,0,1.6666666666666665
https://blog.readyforquantum.com/page/15,0,3,0,5.666666666666667
https://blog.readyforquantum.com/page/15/,0,3,0,3
https://blog.readyforquantum.com/page/18,0,2,0,3.5
https://blog.readyforquantum.com/page/18/,0,1,0,3
https://blog.readyforquantum.com/page/2/,0,92,0,9.119565217391305
https://blog.readyforquantum.com/page/21/,0,3,0,7.666666666666667
https://blog.readyforquantum.com/page/22/,0,1,0,6
https://blog.readyforquantum.com/page/23/,0,34,0,7.5
https://blog.readyforquantum.com/page/24,0,7,0,6.428571428571429
https://blog.readyforquantum.com/page/24/,0,3,0,8
https://blog.readyforquantum.com/page/26/,0,1,0,5
https://blog.readyforquantum.com/page/28,0,2,0,5
https://blog.readyforquantum.com/page/28/,0,11,0,6
https://blog.readyforquantum.com/page/29/,0,43,0,6.162790697674419
https://blog.readyforquantum.com/page/3/,0,235,0,9.391489361702128
https://blog.readyforquantum.com/page/31/,0,65,0,6.4
https://blog.readyforquantum.com/page/32/,0,1,0,43
https://blog.readyforquantum.com/page/35,0,1,0,2
https://blog.readyforquantum.com/page/4/,0,64,0,10.171875
https://blog.readyforquantum.com/page/5,0,4,0,4.25
https://blog.readyforquantum.com/page/5/,0,276,0,8.351449275362318
https://blog.readyforquantum.com/page/6/,0,2,0,7
https://blog.readyforquantum.com/page/7/,0,1,0,6
https://blog.readyforquantum.com/page/8/,0,11,0,6.818181818181818
https://blog.readyforquantum.com/page/9,0,1,0,5
https://blog.readyforquantum.com/posts/10EssentialNetworkMonitoringToolsFor2024,0,2,0,11
https://blog.readyforquantum.com/posts/10essentialnetworkmonitoringtoolsfor2024,0,46,0,8.847826086956522
https://blog.readyforquantum.com/posts/5cybersecuritytrendstowatchin2025/,0,6,0,3.5
https://blog.readyforquantum.com/posts/AIAssistedCapacityPlanning,0,2,0,1
https://blog.readyforquantum.com/posts/AIForNetworkSegmentationStrategies,0,2,0,4
https://blog.readyforquantum.com/posts/MetasploitVs.OtherExploitationFrameworksAComparativeAnalysis,0,23,0,15.391304347826088
https://blog.readyforquantum.com/posts/OpensslHealthChecksMadeSimpleWithAI,0,2,0,65.5
https://blog.readyforquantum.com/posts/PreparingForQuantumComputingThreats,0,1,0,1
https://blog.readyforquantum.com/posts/The2025GuideToAutomatedPenetrationTesting,0,7,0,8.571428571428571
https://blog.readyforquantum.com/posts/TheAIAssistantsLearningProcess,0,4,0,8.5
https://blog.readyforquantum.com/posts/advanceddiagnosticsforremoteserverswithmobileagents/,0,58,0,6.310344827586207
https://blog.readyforquantum.com/posts/advancedhostconfigurationtuningportstimeoutsandendpointsviatheassistant/,0,1248,0,3.1233974358974357
https://blog.readyforquantum.com/posts/advancednmapscriptingcustomizingyournetworkscans,0,12,0,13.166666666666666
https://blog.readyforquantum.com/posts/advancedpersistentthreatsaptsdetectionandmitigationstrategies,0,3,0,6.333333333333333
https://blog.readyforquantum.com/posts/advancedpersistentthreatsaptsdetectionandmitigationstrategies/,0,35,0,57.285714285714285
https://blog.readyforquantum.com/posts/advancedwebcrawlinganddataextractionwithaiintegration,0,1,0,9
https://blog.readyforquantum.com/posts/advancedwebcrawlinganddataextractionwithaiintegration/,0,4,0,10.25
https://blog.readyforquantum.com/posts/aiandthefutureofintrusiondetectionsystems/,0,118,0,7.576271186440678
https://blog.readyforquantum.com/posts/aiassistedcapacityplanning,0,1,0,4
https://blog.readyforquantum.com/posts/aiassistedcapacityplanning/,0,1,0,7
https://blog.readyforquantum.com/posts/aiassistednetworktroubleshooting/,0,778,0,6.174807197943445
https://blog.readyforquantum.com/posts/aidrivenincidentresponsecuttingdowntimeby50,0,20,0,6.3
https://blog.readyforquantum.com/posts/aidrivenincidentresponsecuttingdowntimeby50/,0,23,0,5.434782608695652
https://blog.readyforquantum.com/posts/aienhancedcustommonitoringsolutionsforlargescalenetworks,0,6,0,60.5
https://blog.readyforquantum.com/posts/aienhancedcustommonitoringsolutionsforlargescalenetworks/,0,80,0,18.7625
https://blog.readyforquantum.com/posts/aifordistributednetworkmonitoring,0,1,0,2
https://blog.readyforquantum.com/posts/aifordistributednetworkmonitoring/,0,73,0,5.671232876712328
https://blog.readyforquantum.com/posts/aiformspsscalingnetworkmonitoringservices,0,1,0,2
https://blog.readyforquantum.com/posts/aiformspsscalingnetworkmonitoringservices/,0,38,0,5.2368421052631575
https://blog.readyforquantum.com/posts/aifornetworkconfigurationmanagement,0,8,0,7.125
https://blog.readyforquantum.com/posts/aifornetworksegmentationstrategies/,0,1,0,16
https://blog.readyforquantum.com/posts/ainetworkmonitoringthefutureofinfrastructuremanagement,0,89,0,52.51685393258427
https://blog.readyforquantum.com/posts/aipowerednetworkanomalydetection,0,1,0,2
https://blog.readyforquantum.com/posts/aipowerednetworkanomalydetection/,0,10,0,8.6
https://blog.readyforquantum.com/posts/aipowerednetworkmappingforcomplexenvironments/,0,125,0,6.656
https://blog.readyforquantum.com/posts/aipowerednetworkmonitoringfordistributedandremoteteams,0,1,0,1
https://blog.readyforquantum.com/posts/aipowerednetworkmonitoringthefutureofcybersecurity,0,16,0,58
https://blog.readyforquantum.com/posts/aipowerednetworkmonitoringthefutureofcybersecurity/,0,9,0,21.333333333333332
https://blog.readyforquantum.com/posts/aipoweredpenetrationtestingusingmetasploittosecureyournetwork,0,2,0,8
https://blog.readyforquantum.com/posts/aipoweredpenetrationtestingusingmetasploittosecureyournetwork/,0,97,0,11.278350515463918
https://blog.readyforquantum.com/posts/aipoweredrootcauseanalysis,0,3,0,37.333333333333336
https://blog.readyforquantum.com/posts/aipoweredwebdataextractionrevolutionizinginformationgathering,0,6,0,8.833333333333332
https://blog.readyforquantum.com/posts/aipoweredwebdataextractionrevolutionizinginformationgathering/,0,95,0,15.642105263157895
https://blog.readyforquantum.com/posts/aivssiemwhichisbetterfornetworksecurity/,0,23,0,15.304347826086957
https://blog.readyforquantum.com/posts/aivstraditionalmonitoringasidebysidecomparison,0,13,0,6.153846153846154
https://blog.readyforquantum.com/posts/aivstraditionalmonitoringasidebysidecomparison/,0,48,0,8.270833333333332
https://blog.readyforquantum.com/posts/automatedalertssettingupandresettingnotificationswiththeassistant/,0,1030,0,3.042718446601942
https://blog.readyforquantum.com/posts/automatednmapscansthroughaiconversation,0,45,0,7.977777777777778
https://blog.readyforquantum.com/posts/automatingcompliancecheckswithai,0,5,0,4.2
https://blog.readyforquantum.com/posts/automatingnetworkcompliancecreatingscheduledreportswiththeassistant/,0,1146,0,3.4528795811518322
https://blog.readyforquantum.com/posts/automatingnetworkcompliancereporting,0,50,0,34.44
https://blog.readyforquantum.com/posts/automatingopensslcheckswithaireducemanualworkby80,0,1,0,6
https://blog.readyforquantum.com/posts/automatingopensslcheckswithaireducemanualworkby80/,0,22,0,11.227272727272727
https://blog.readyforquantum.com/posts/automatingssltlsauditswithaiensuringsecureconnections/,0,252,0,7.01984126984127
https://blog.readyforquantum.com/posts/automatingvulnerabilityscanswithainextgencybersecurity/,0,3,0,18.333333333333332
https://blog.readyforquantum.com/posts/benchmarkingnetworkperformancewithai/,0,120,0,5.658333333333333
https://blog.readyforquantum.com/posts/bestpracticesforsecurecloudmigration,0,5,0,65.2
https://blog.readyforquantum.com/posts/bestpracticesforsecurecloudmigration/,0,10,0,6.1
https://blog.readyforquantum.com/posts/bestpracticesforsecuringremoteworkenvironments,0,6,0,7
https://blog.readyforquantum.com/posts/bestpracticesforsecuringremoteworkenvironments/,0,1,0,5
https://blog.readyforquantum.com/posts/buildingasecurenetworkaidriveninsightsandbestpractices/,0,11,0,7.090909090909091
https://blog.readyforquantum.com/posts/buildingautomatedsecurityplaybookswiththeassistant/,0,1241,0,4.829975825946818
https://blog.readyforquantum.com/posts/buildingcustomnetworkmonitoringtoolsforanyenvironment,0,1,0,7
https://blog.readyforquantum.com/posts/buildingcustomnetworkmonitoringtoolsforanyenvironment/,0,76,0,6.881578947368421
https://blog.readyforquantum.com/posts/combiningaiwithtraditionalnetworkingtoolsforenhancedefficiency,0,1,0,1
https://blog.readyforquantum.com/posts/combiningaiwithtraditionalnetworkingtoolsforenhancedefficiency/,0,31,0,6.806451612903226
https://blog.readyforquantum.com/posts/comparingbuiltinvscustomcommandprocessorsinquantumnetworkmonitor/,0,3298,0,4.731958762886598
https://blog.readyforquantum.com/posts/comprehensivehostmonitoringapracticalexamplewithfreenetworkmonitor,0,1,0,38
https://blog.readyforquantum.com/posts/comprehensivehostmonitoringapracticalexamplewithfreenetworkmonitor/,0,18,0,9.055555555555555
https://blog.readyforquantum.com/posts/conductingcomprehensivesecurityauditswithaiassistance/,0,5,0,12.6
https://blog.readyforquantum.com/posts/connectingtoserverswithwgetaquickguide,0,11,0,7.909090909090909
https://blog.readyforquantum.com/posts/connectingtoserverswithwgetaquickguide/,0,378,0,5.5661375661375665
https://blog.readyforquantum.com/posts/creatinganddeployingcustomcommandprocessorswiththeassistant/,0,489,0,2.83640081799591
https://blog.readyforquantum.com/posts/customizingaimonitoringforyouruniqueneeds,0,3,0,6
https://blog.readyforquantum.com/posts/customizingaimonitoringforyouruniqueneeds/,0,1,0,4
https://blog.readyforquantum.com/posts/customizingaisecurityauditsforspecifichostsandendpoints,0,1,0,10
https://blog.readyforquantum.com/posts/customizingaisecurityauditsforspecifichostsandendpoints/,0,105,0,3.933333333333333
https://blog.readyforquantum.com/posts/customnmapscriptingthroughnaturallanguage,0,98,0,12.112244897959183
https://blog.readyforquantum.com/posts/cybersecurityawarenesstrainingempoweringyouremployees,0,1,0,10
https://blog.readyforquantum.com/posts/cybersecurityawarenesstrainingempoweringyouremployees/,0,21,0,7.571428571428571
https://blog.readyforquantum.com/posts/cybersecuritybestpracticesstayingaheadofevolvingthreats,0,2,0,5
https://blog.readyforquantum.com/posts/cybersecuritybestpracticesstayingaheadofevolvingthreats/,0,18,0,2.666666666666667
https://blog.readyforquantum.com/posts/debuggingwiththeassistantrunningeditingandretrievingcustomprocessorlogs/,0,261,0,3.5057471264367814
https://blog.readyforquantum.com/posts/default1,0,1,0,5
https://blog.readyforquantum.com/posts/default1/,0,358,0,8.195530726256983
https://blog.readyforquantum.com/posts/detectingandpreventingphishingwithaipoweredsecuritytools,0,1,0,7
https://blog.readyforquantum.com/posts/detectingandpreventingphishingwithaipoweredsecuritytools/,0,2,0,4
https://blog.readyforquantum.com/posts/detectingnetworkvulnerabilitieswithaidrivennmapscans,0,3,0,7.333333333333333
https://blog.readyforquantum.com/posts/enhancingnetworkmonitoringwithcustomagents,0,2,0,27.5
https://blog.readyforquantum.com/posts/enhancingnetworkmonitoringwithcustomagents/,0,3028,0,4.618229854689564
https://blog.readyforquantum.com/posts/enhancingsslcertificatemanagementwithai/,0,7,0,8.428571428571429
https://blog.readyforquantum.com/posts/ensuringserveravailabilitycombiningmonitoringanddiagnostics,0,1,0,7
https://blog.readyforquantum.com/posts/ensuringserveravailabilitycombiningmonitoringanddiagnostics/,0,372,0,5.709677419354839
https://blog.readyforquantum.com/posts/enterprisegradesecurityforsmallbusinesses,0,13,0,35.07692307692308
https://blog.readyforquantum.com/posts/enterprisegradesecurityforsmallbusinesses/,0,784,0,9.269132653061224
https://blog.readyforquantum.com/posts/fromdatatoactionhowaiinterpretsnetworklogs,0,2,0,9
https://blog.readyforquantum.com/posts/frompingtoprecisioncraftingpurposebuiltprocessorsfornetworkinsights/,0,301,0,5.923588039867109
https://blog.readyforquantum.com/posts/gettingstartedwiththequantumnetworkmonitorassistant,0,3867,0,2.9619860356865786
https://blog.readyforquantum.com/posts/gettingstartedwiththequantumnetworkmonitorassistant/,0,3569,0,2.6982347996637714
https://blog.readyforquantum.com/posts/harnessingaiformultilayeredsecurityincomplexnetworks/,0,32,0,6.09375
https://blog.readyforquantum.com/posts/honeypotsandainextgennetworkdeceptiontechniques/,0,477,0,12.29140461215933
https://blog.readyforquantum.com/posts/hostdowndiagnosingoutagesinrealtimewiththeassistant/,0,211,0,3.2085308056872037
https://blog.readyforquantum.com/posts/howaipredictsnetworkanomaliesbeforetheyimpactusers,0,2,0,7
https://blog.readyforquantum.com/posts/howaisimplifiesnmapscriptingfornonexperts,0,18,0,5.777777777777778
https://blog.readyforquantum.com/posts/howaisimplifiesnmapscriptingfornonexperts/,0,123,0,7.186991869918699
https://blog.readyforquantum.com/posts/howquantumreadinesscheckscansaveyournetworktoday,0,1,0,8
https://blog.readyforquantum.com/posts/howquantumreadinesscheckscansaveyournetworktoday/,0,186,0,26.0752688172043
https://blog.readyforquantum.com/posts/howtomonitorssltlsvulnerabilitiesautomatically,0,6,0,11.5
https://blog.readyforquantum.com/posts/howtoperformquantumsafecheckswiththeassistant/,0,2480,0,4.008064516129032
https://blog.readyforquantum.com/posts/howtoretrievevisualizeandanalyzemonitoringdatawiththeassistant/,0,186,0,3.6236559139784945
https://blog.readyforquantum.com/posts/implementingaistrategiesforenhanceddatabasesecurity/,0,3,0,2
https://blog.readyforquantum.com/posts/implementingarobustincidentresponseplan,0,4,0,10.5
https://blog.readyforquantum.com/posts/implementingarobustincidentresponseplan/,0,12,0,6.166666666666667
https://blog.readyforquantum.com/posts/integratingnmapwithothersecuritytoolsbuildingacomprehensivetoolkit,0,13,0,8.923076923076923
https://blog.readyforquantum.com/posts/leveragingbusyboxforrealtimenetworkdiagnosticsviaai,0,9,0,3.6666666666666665
https://blog.readyforquantum.com/posts/leveragingbusyboxforrealtimenetworkdiagnosticsviaai/,0,77,0,7.285714285714286
https://blog.readyforquantum.com/posts/leveragingmachinelearningforintelligentnetworkmonitoring,0,9,0,36
https://blog.readyforquantum.com/posts/leveragingmachinelearningforintelligentnetworkmonitoring/,0,57,0,39.64912280701754
https://blog.readyforquantum.com/posts/masteringhostmanagementwithaiaddingmonitoringandoptimizinghosts/,0,204,0,4.284313725490196
https://blog.readyforquantum.com/posts/metasploitandsocialengineeringcombiningtechnicalandhumanexploitation,0,1,0,1
https://blog.readyforquantum.com/posts/metasploitandsocialengineeringcombiningtechnicalandhumanexploitation/,0,109,0,5.871559633027523
https://blog.readyforquantum.com/posts/metasploitautomationhowaihandlesexploitexecution,0,10,0,6.5
https://blog.readyforquantum.com/posts/metasploitautomationhowaihandlesexploitexecution/,0,98,0,12.66326530612245
https://blog.readyforquantum.com/posts/metasploitdatabaseintegrationstreamliningyourpenetrationtestingworkflow,0,20,0,9.35
https://blog.readyforquantum.com/posts/metasploitformobilesecurityaddressingvulnerabilitiesinmobileapplications,0,1,0,3
https://blog.readyforquantum.com/posts/metasploitformobilesecurityaddressingvulnerabilitiesinmobileapplications/,0,74,0,3.027027027027027
https://blog.readyforquantum.com/posts/metasploitforwebapplicationtestingbeyondnetworkexploits,0,24,0,10.208333333333334
https://blog.readyforquantum.com/posts/metasploitforwebapplicationtestingbeyondnetworkexploits/,0,148,0,8.594594594594595
https://blog.readyforquantum.com/posts/metasploitframeworkarchitectureunderstandingthecorecomponents,0,53,0,9.452830188679245
https://blog.readyforquantum.com/posts/metasploitmodulesforbeginnersaiassistedpenetrationtesting,0,29,0,9.10344827586207
https://blog.readyforquantum.com/posts/metasploitpostexploitationmodulesmaximizingyourpenetrationtests,0,26,0,6.076923076923077
https://blog.readyforquantum.com/posts/metasploitpostexploitationmodulesmaximizingyourpenetrationtests/,0,353,0,10.141643059490084
https://blog.readyforquantum.com/posts/monitoringcontentdeliverynetworkscdnsforoptimalperformance,0,6,0,16
https://blog.readyforquantum.com/posts/monitoringcontentdeliverynetworkscdnsforoptimalperformance/,0,108,0,55.324074074074076
https://blog.readyforquantum.com/posts/monitoringquantumsafealgorithms,0,6,0,13.5
https://blog.readyforquantum.com/posts/monitoringquantumsafealgorithms/,0,255,0,7.545098039215686
https://blog.readyforquantum.com/posts/monitoringthequantumtransition,0,17,0,7.470588235294118
https://blog.readyforquantum.com/posts/monitoringthequantumtransition/,0,1011,0,5.565776458951533
https://blog.readyforquantum.com/posts/networkbehavioranalysisidentifyingthreatsthroughpatterns,0,5,0,43
https://blog.readyforquantum.com/posts/networkbehavioranalysisidentifyingthreatsthroughpatterns/,0,261,0,35.8007662835249
https://blog.readyforquantum.com/posts/networkmonitoringforecommerceensuringuptimeduringpeaksales,0,1,0,32
https://blog.readyforquantum.com/posts/networkmonitoringforecommerceensuringuptimeduringpeaksales/,0,115,0,11.173913043478262
https://blog.readyforquantum.com/posts/networkpenetrationtestingacomprehensiveguide/,0,2,0,11
https://blog.readyforquantum.com/posts/networksegmentationacrucialstrategyforenhancedsecurity,0,1,0,11
https://blog.readyforquantum.com/posts/networksegmentationacrucialstrategyforenhancedsecurity/,0,176,0,5.284090909090909
https://blog.readyforquantum.com/posts/nextlevelthreatintelligencewithaiintegration,0,1,0,11
https://blog.readyforquantum.com/posts/nmapandvulnerabilityassessmentbeyondportscanning,0,2,0,5.5
https://blog.readyforquantum.com/posts/nmapandvulnerabilityassessmentbeyondportscanning/,0,248,0,35.95161290322581
https://blog.readyforquantum.com/posts/nmapforcloudenvironmentsadaptingnetworkscanningtothecloud,0,15,0,5.466666666666667
https://blog.readyforquantum.com/posts/nmapforcloudenvironmentsadaptingnetworkscanningtothecloud/,0,541,0,4.1256931608133085
https://blog.readyforquantum.com/posts/nmapforcloudsecurityaiassistedscanningbestpractices/,0,169,0,8.201183431952662
https://blog.readyforquantum.com/posts/nmapperformancetuningoptimizingscansforlargenetworks,0,54,0,7.962962962962963
https://blog.readyforquantum.com/posts/nmapvs.zenmapchoosingtherightnetworkmappingtool,0,986,0,15.25050709939148
https://blog.readyforquantum.com/posts/noconfigurationalertinghowailearnsyournetwork/,0,1,0,8
https://blog.readyforquantum.com/posts/opensslhealthchecksmadesimplewithai,0,2,0,10.5
https://blog.readyforquantum.com/posts/opensslhealthchecksmadesimplewithai/,0,67,0,6.701492537313433
https://blog.readyforquantum.com/posts/optimizingnetworkperformancewithaibasedmonitoringtechniques,0,2,0,25
https://blog.readyforquantum.com/posts/optimizingnetworkperformancewithaibasedmonitoringtechniques/,0,8,0,7.25
https://blog.readyforquantum.com/posts/optimizingnetworkperformancewithaipoweredmonitoring/,0,4,0,14
https://blog.readyforquantum.com/posts/optimizingwebsiteperformancethrougheffectivemonitoring/,0,159,0,18.132075471698112
https://blog.readyforquantum.com/posts/postquantumcryptographyimplementationroadmap/,0,11,0,18.181818181818183
https://blog.readyforquantum.com/posts/preparingforpostquantumcryptographyapracticalguide/,0,48,0,27.5
https://blog.readyforquantum.com/posts/preparingforquantumcomputingthreats,0,5,0,8.6
https://blog.readyforquantum.com/posts/preparingforquantumcomputingthreats/,0,7,0,5.571428571428571
https://blog.readyforquantum.com/posts/preparingyournetworkforpostquantumcryptography,0,23,0,75.69565217391305
https://blog.readyforquantum.com/posts/preparingyournetworkforpostquantumcryptography/,0,635,0,16.68031496062992
https://blog.readyforquantum.com/posts/proactivecyberdefensewithaidrivensecurityprotocols/,0,22,0,4.454545454545455
https://blog.readyforquantum.com/posts/proactivesecuritywithaischedulingandautomatingscans/,0,34,0,4.3235294117647065
https://blog.readyforquantum.com/posts/proactivevsreactivenetworkmonitoringwhichapproachisbest,0,1,0,59
https://blog.readyforquantum.com/posts/proactivevsreactivenetworkmonitoringwhichapproachisbest/,0,105,0,47.142857142857146
https://blog.readyforquantum.com/posts/quantumcomputingthreatsisyourencryptionready,0,4,0,5
https://blog.readyforquantum.com/posts/quantumcomputingthreatsisyourencryptionready/,0,2,0,5.5
https://blog.readyforquantum.com/posts/quantumcryptographymonitoringtools/,0,10,0,3.3
https://blog.readyforquantum.com/posts/quantumerrorcorrectionpavingthewayforstablequantumcomputers/,0,12,0,3.75
https://blog.readyforquantum.com/posts/quantumkeydistributionqkdwhatyouneedtomonitor,0,3,0,10.666666666666666
https://blog.readyforquantum.com/posts/quantumkeydistributionqkdwhatyouneedtomonitor/,0,154,0,12.655844155844155
https://blog.readyforquantum.com/posts/quantumkeydistributionthefutureofsecurecommunication/,0,22,0,14.590909090909092
https://blog.readyforquantum.com/posts/quantumreadinesschecksisyournetworkprepared,0,29,0,14.931034482758621
https://blog.readyforquantum.com/posts/quantumreadinesschecksisyournetworkprepared/,0,9,0,4.111111111111111
https://blog.readyforquantum.com/posts/quantumresistantcryptographypreparingforthepostquantumworld,0,2,0,30.5
https://blog.readyforquantum.com/posts/quantumresistantcryptographypreparingforthepostquantumworld/,0,8,0,57.25
https://blog.readyforquantum.com/posts/quantumresistantencryptionwhatyouneedtomonitor/,0,301,0,6.219269102990033
https://blog.readyforquantum.com/posts/quantumresistantsignaturesmonitoringandenforcement,0,3,0,6.666666666666667
https://blog.readyforquantum.com/posts/quantumresistantsignaturesmonitoringandenforcement/,0,20,0,6.3
https://blog.readyforquantum.com/posts/quantumsafealgorithmseveryctoshouldknow/,0,16,0,8.1875
https://blog.readyforquantum.com/posts/quantumsafealgorithmssecuringthefutureofonlinetransactions,0,1,0,1
https://blog.readyforquantum.com/posts/quantumsafealgorithmssecuringthefutureofonlinetransactions/,0,20,0,8.3
https://blog.readyforquantum.com/posts/quantumsupremacywhatitmeansforcybersecurity,0,3,0,4.666666666666666
https://blog.readyforquantum.com/posts/quantumsupremacywhatitmeansforcybersecurity/,0,79,0,8.291139240506329
https://blog.readyforquantum.com/posts/realtimecollaborationusingtheassistantformultiusernetworkmonitoring/,0,965,0,4.6082901554404145
https://blog.readyforquantum.com/posts/realtimenetworkmonitoringdetectinganomaliesbeforetheybecomethreats,0,10,0,19.8
https://blog.readyforquantum.com/posts/realtimenetworkmonitoringdetectinganomaliesbeforetheybecomethreats/,0,1,0,20
https://blog.readyforquantum.com/posts/reducingfalsepositivesinsecurityalertswithai,0,6,0,74.5
https://blog.readyforquantum.com/posts/reducingfalsepositivesinsecurityalertswithai/,0,27,0,37.666666666666664
https://blog.readyforquantum.com/posts/runningnmapscansthroughthequantumnetworkmonitorassistant/,0,1621,0,3.8827884022208514
https://blog.readyforquantum.com/posts/securingiotdeviceswithainetworkmonitoring,0,10,0,5.2
https://blog.readyforquantum.com/posts/securingiotdeviceswithainetworkmonitoring/,0,17,0,9.294117647058824
https://blog.readyforquantum.com/posts/simplifyingnetworkdiagnosticswithaitoolsforeveryadmin,0,3,0,8.333333333333332
https://blog.readyforquantum.com/posts/simplifyingnetworkdiagnosticswithaitoolsforeveryadmin/,0,349,0,7.495702005730659
https://blog.readyforquantum.com/posts/simplifyingpenetrationtestingwithaiandmetasploit/,0,1,0,4
https://blog.readyforquantum.com/posts/ssltlsinsightstestinghttpsportsecuritywithfreenetworkmonitor/,0,22,0,4.5
https://blog.readyforquantum.com/posts/streamliningnetworkmonitoringwithaiastepbystepguide,0,14,0,6.071428571428571
https://blog.readyforquantum.com/posts/streamliningnetworkmonitoringwithaiastepbystepguide/,0,2179,0,9.706287287746672
https://blog.readyforquantum.com/posts/switchingagentsrunningtestsfromlondonberlinoryourlocalnetwork/,0,1133,0,2.8534863195057367
https://blog.readyforquantum.com/posts/the2025guidetoautomatedpenetrationtesting/,0,97,0,8.814432989690722
https://blog.readyforquantum.com/posts/the5minuteguidetosettingupainetworkalerts/,0,105,0,9.342857142857143
https://blog.readyforquantum.com/posts/theaiassistantslearningprocess,0,1,0,2
https://blog.readyforquantum.com/posts/theaiassistantslearningprocess/,0,106,0,2.30188679245283
https://blog.readyforquantum.com/posts/theaimonitoringassistantapi,0,1,0,10
https://blog.readyforquantum.com/posts/theaimonitoringassistantapi/,0,1,0,5
https://blog.readyforquantum.com/posts/theartofwebsitecontentvalidationwithaidriventools,0,1,0,2
https://blog.readyforquantum.com/posts/theartofwebsitecontentvalidationwithaidriventools/,0,17,0,5.9411764705882355
https://blog.readyforquantum.com/posts/theassistantsapipoweruserguideendtoendmonitoringandresponse/,0,391,0,4.5984654731457795
https://blog.readyforquantum.com/posts/theeconomicsofaipowerednetworkmonitoring,0,4,0,7.25
https://blog.readyforquantum.com/posts/theeconomicsofaipowerednetworkmonitoring/,0,4,0,5.25
https://blog.readyforquantum.com/posts/theethicsofainetworkmonitoring/,0,2,0,4
https://blog.readyforquantum.com/posts/theevolutionofnetworkmonitoringfrommanualtoai,0,3,0,9.666666666666666
https://blog.readyforquantum.com/posts/theevolutionofnmapfrommanualtoaidrivenscans/,0,121,0,8.057851239669422
https://blog.readyforquantum.com/posts/thefutureofaiinnetworkoperations,0,7,0,8
https://blog.readyforquantum.com/posts/thefutureofaiinnetworkoperations/,0,777,0,7.126126126126126
https://blog.readyforquantum.com/posts/thefutureofwebsitesecurityinthequantumera/,0,2,0,3.5
https://blog.readyforquantum.com/posts/thehiddencostsofmanualnetworkmonitoring/,0,100,0,6.49
https://blog.readyforquantum.com/posts/theimpactofquantumcomputingonblockchainsecurity,0,2,0,3
https://blog.readyforquantum.com/posts/theimportanceofssltlsmonitoringforwebsitesecurity/,0,80,0,20.3625
https://blog.readyforquantum.com/posts/thepsychologyofaiassistedtroubleshooting,0,8,0,7.75
https://blog.readyforquantum.com/posts/theroleofaiincloudnetworkmonitoring,0,1,0,7
https://blog.readyforquantum.com/posts/theroleofaiincloudnetworkmonitoring/,0,151,0,5.71523178807947
https://blog.readyforquantum.com/posts/theroleofaiindetectingadvancedpersistentthreatsapts,0,21,0,31.714285714285715
https://blog.readyforquantum.com/posts/theroleofaiinmanagingandsecuringiotdevices/,0,7,0,17.428571428571427
https://blog.readyforquantum.com/posts/theroleofaiinmodernnetworksecurity/,0,1,0,26
https://blog.readyforquantum.com/posts/theroleofzerotrustarchitectureinmoderncybersecurity/,0,1,0,4
https://blog.readyforquantum.com/posts/timeseriesnetworkanalyticspredictingoutagesbeforetheyhappen,0,57,0,8.368421052631579
https://blog.readyforquantum.com/posts/timeseriesnetworkanalyticspredictingoutagesbeforetheyhappen/,0,31,0,9.870967741935484
https://blog.readyforquantum.com/posts/titleintegrationtestblogfocusautomatedtesting,0,5,0,42.2
https://blog.readyforquantum.com/posts/titleintegrationtestblogfocusautomatedtesting/,0,34,0,24.852941176470587
https://blog.readyforquantum.com/posts/troubleshootingaserverrealtimediagnosticswithnmapandopenssl,0,5,0,11.2
https://blog.readyforquantum.com/posts/usingaitoinvestigatenetworkanomaliesandresolveissues/,0,105,0,15.514285714285714
https://blog.readyforquantum.com/posts/usingtheassistantforrapidnetworkchangessaferollbacksandautomatedtesting/,0,129,0,8.085271317829458
https://blog.readyforquantum.com/posts/whyeverymspneedsaipowerednetworkmonitoring,0,4,0,10.5
https://blog.readyforquantum.com/posts/whyeverymspneedsaipowerednetworkmonitoring/,0,22,0,12.227272727272727
https://blog.readyforquantum.com/posts/whynoconfigurationalertsarerevolutionizingnetworksecurity/,0,2,0,3.5
https://blog.readyforquantum.com/posts/whyquantumreadinessisthenewstandardincybersecurity/,0,185,0,51.043243243243246
https://readyforquantum.com/?assistant=open&utm_source=huggingface&utm_medium=referral&utm_campaign=huggingface_repo_readme,0,1,0,1
https://readyforquantum.com/Dashboard,0,13,0,7.230769230769231
https://readyforquantum.com/Download,0,164,0,2.475609756097561
https://readyforquantum.com/Subscription,0,6,0,2.5
https://readyforquantum.com/acceptable-use.html,0,244,0,7.676229508196721
https://readyforquantum.com/cookiepolicy.html,0,456,0,5.767543859649122
https://readyforquantum.com/donate,0,10,0,7.8
https://readyforquantum.com/faq,0,3388,0,2.8462219598583234
https://readyforquantum.com/privacypolicy.html,0,2423,0,4.4510936855138254
https://readyforquantum.com/refundpolicy.html,0,774,0,4.412144702842378
https://readyforquantum.com/security-compliance.html,0,499,0,6.68937875751503
https://readyforquantum.com/termofservice.html,0,264,0,5.795454545454546
