country,clicks,impressions,ctr,average_position
usa,57,59943,0.0009509033581902807,7.987471431192967
gbr,56,2694,0.020786933927245732,10.89532293986637
can,22,1994,0.011033099297893681,10.844533600802407
ind,13,2431,0.0053475935828877,17.352529823118058
aus,10,945,0.010582010582010581,9.461375661375662
sgp,10,769,0.013003901170351105,8.647594278283485
deu,9,2387,0.003770423125261835,16.785085881860077
pak,7,352,0.019886363636363636,14.28125
nld,6,980,0.006122448979591836,9.114285714285714
esp,5,938,0.005330490405117271,9.488272921108742
fra,5,1031,0.004849660523763337,9.031037827352085
phl,5,697,0.007173601147776184,18.285509325681492
rus,5,540,0.009259259259259259,10.170370370370371
egy,4,280,0.014285714285714285,10.79642857142857
hkg,4,307,0.013029315960912053,9.052117263843648
ita,4,853,0.004689331770222743,10.553341148886284
fin,3,246,0.012195121951219513,8.459349593495935
idn,3,665,0.004511278195488722,12.589473684210526
irl,3,157,0.01910828025477707,9.898089171974522
irn,3,198,0.015151515151515152,8.55050505050505
isr,3,210,0.014285714285714285,8.00952380952381
pol,3,524,0.0057251908396946565,8.557251908396946
svk,3,79,0.0379746835443038,7.544303797468355
tha,3,374,0.008021390374331552,14.794117647058824
ukr,3,359,0.008356545961002786,10.782729805013927
vnm,3,751,0.0039946737683089215,16.729693741677764
bgr,2,99,0.020202020202020204,8.151515151515152
bra,2,1863,0.0010735373054213634,14.958668813741278
dnk,2,182,0.01098901098901099,8.307692307692307
dza,2,187,0.0106951871657754,11.909090909090908
grc,2,152,0.013157894736842105,8.460526315789473
mex,2,687,0.002911208151382824,10.013100436681222
mmr,2,24,0.08333333333333333,14.208333333333334
npl,2,82,0.024390243902439025,10.24390243902439
rou,2,240,0.008333333333333333,8.625
swe,2,354,0.005649717514124294,10.319209039548022
tur,2,427,0.00468384074941452,11.40046838407494
twn,2,232,0.008620689655172414,9.219827586206897
are,1,219,0.0045662100456621,8.105022831050228
bgd,1,348,0.0028735632183908046,16.060344827586206
blr,1,66,0.015151515151515152,9.424242424242424
che,1,320,0.003125,14.259375
cmr,1,16,0.0625,7.3125
cyp,1,42,0.023809523809523808,7.166666666666667
cze,1,143,0.006993006993006993,7.8321678321678325
ecu,1,173,0.005780346820809248,10.3121387283237
hrv,1,69,0.014492753623188406,8.231884057971016
irq,1,135,0.007407407407407408,11.985185185185186
jpn,1,512,0.001953125,9.515625
ken,1,130,0.007692307692307693,9.153846153846153
khm,1,44,0.022727272727272728,13.522727272727273
kor,1,719,0.0013908205841446453,18.553546592489568
lka,1,63,0.015873015873015872,8.476190476190476
lva,1,62,0.016129032258064516,7.580645161290323
mac,1,9,0.1111111111111111,8
mar,1,226,0.004424778761061947,12.63716814159292
mus,1,33,0.030303030303030304,8.90909090909091
nor,1,214,0.004672897196261682,9.607476635514018
per,1,162,0.006172839506172839,9.222222222222221
prt,1,244,0.004098360655737705,9.209016393442623
sdn,1,10,0.1,7.1
svn,1,45,0.022222222222222223,8.177777777777777
tjk,1,8,0.125,7.625
tto,1,64,0.015625,8.5
zaf,1,224,0.004464285714285714,11.178571428571429
zmb,1,14,0.07142857142857142,9.142857142857142
zwe,1,17,0.058823529411764705,6.647058823529412
abw,0,2,0,3
afg,0,9,0,7.555555555555555
ago,0,21,0,8.476190476190476
ala,0,1,0,12
alb,0,55,0,7.509090909090909
and,0,5,0,7.8
arg,0,339,0,9.103244837758112
arm,0,30,0,10.266666666666667
ata,0,1,0,10
atg,0,3,0,7
aut,0,237,0,11.835443037974683
aze,0,43,0,8.046511627906977
bdi,0,3,0,6.333333333333333
bel,0,311,0,9.446945337620578
ben,0,8,0,10.25
bes,0,2,0,10
bfa,0,8,0,16
bhr,0,27,0,7.333333333333333
bhs,0,16,0,7.4375
bih,0,41,0,7.853658536585366
blm,0,1,0,18
blz,0,12,0,8.5
bmu,0,4,0,5
bol,0,37,0,9.864864864864865
brb,0,15,0,5.6
brn,0,9,0,7.111111111111111
btn,0,7,0,6.285714285714286
bwa,0,8,0,7.25
caf,0,1,0,10
chl,0,180,0,8.238888888888889
chn,0,710,0,8.580281690140845
civ,0,23,0,10.91304347826087
cod,0,13,0,4.769230769230769
cog,0,1,0,2
col,0,265,0,9.339622641509434
com,0,3,0,3
cpv,0,4,0,7.5
cri,0,49,0,6.591836734693878
cub,0,19,0,9.105263157894736
cuw,0,7,0,10.285714285714286
cym,0,4,0,4
dma,0,3,0,7
dom,0,94,0,9.702127659574469
est,0,55,0,9.327272727272728
eth,0,63,0,9.698412698412698
fji,0,11,0,7
flk,0,1,0,11
gab,0,3,0,22.333333333333332
geo,0,35,0,9.228571428571428
ggy,0,3,0,6
gha,0,57,0,7.192982456140351
gib,0,2,0,3
gin,0,2,0,8
gmb,0,2,0,9.5
grd,0,5,0,8.6
gtm,0,32,0,8.6875
guf,0,1,0,3
gum,0,6,0,8.5
guy,0,8,0,4.875
hnd,0,26,0,8.307692307692307
hti,0,7,0,5.285714285714286
hun,0,126,0,8.746031746031747
imn,0,5,0,7.4
isl,0,21,0,7.904761904761905
jam,0,38,0,7.157894736842105
jey,0,3,0,12
jor,0,108,0,16.61111111111111
kaz,0,85,0,9.658823529411764
kgz,0,10,0,8.5
kir,0,1,0,9
kna,0,3,0,7.666666666666667
kwt,0,28,0,9.321428571428571
lao,0,7,0,7.714285714285714
lbn,0,57,0,8.736842105263158
lbr,0,6,0,8.5
lby,0,18,0,11
lca,0,3,0,6
lie,0,1,0,10
lso,0,2,0,10.5
ltu,0,83,0,6.975903614457831
lux,0,29,0,8.275862068965516
mco,0,1,0,9
mda,0,50,0,9.92
mdg,0,5,0,3.6
mdv,0,5,0,15.8
mhl,0,1,0,12
mkd,0,31,0,7.354838709677419
mli,0,7,0,12.571428571428571
mlt,0,20,0,6.9
mne,0,4,0,2.75
mng,0,20,0,10.15
moz,0,5,0,5
mrt,0,3,0,7
mtq,0,4,0,10.75
mwi,0,6,0,5
mys,0,428,0,16.682242990654206
nam,0,14,0,7.5
ner,0,1,0,14
nga,0,215,0,10.102325581395348
nic,0,12,0,16.75
nzl,0,101,0,9.435643564356436
omn,0,58,0,13.53448275862069
pan,0,38,0,9.342105263157896
png,0,2,0,4
pri,0,38,0,7
prk,0,1,0,5
pry,0,46,0,9.847826086956522
pse,0,33,0,12.757575757575758
qat,0,49,0,7.959183673469388
reu,0,10,0,7.5
rwa,0,19,0,10.210526315789474
sau,0,380,0,17.123684210526317
sen,0,18,0,7.777777777777778
sle,0,1,0,17
slv,0,23,0,8.565217391304348
smr,0,1,0,7
som,0,13,0,6.6923076923076925
srb,0,75,0,7.786666666666667
ssd,0,4,0,6.75
sur,0,4,0,7.75
swz,0,8,0,8.375
sxm,0,2,0,9
syc,0,21,0,7.380952380952381
syr,0,35,0,7.085714285714285
tca,0,2,0,11.5
tcd,0,1,0,7
tgo,0,2,0,6
tkm,0,4,0,6.25
tls,0,1,0,10
ton,0,1,0,10
tun,0,104,0,9.98076923076923
tza,0,31,0,6.870967741935484
uga,0,45,0,6.288888888888889
ury,0,43,0,9.930232558139535
uzb,0,46,0,10.73913043478261
vct,0,1,0,8
ven,0,99,0,9.666666666666666
vir,0,3,0,11.333333333333334
wsm,0,1,0,4
xkk,0,25,0,7.84
yem,0,42,0,8.619047619047619
zzz,0,25,0,8
