date,clicks,impressions,ctr,average_position
2026-07-07,0,123,0,12.560975609756097
2026-07-08,1,125,0.008,9.496
2026-07-09,0,118,0,12.440677966101696
2026-07-10,0,287,0,18.825783972125436
2026-07-11,0,137,0,15.182481751824817
2026-07-12,0,132,0,16.803030303030305
2026-07-13,1,108,0.009259259259259259,16.453703703703702
2026-07-14,0,99,0,10.202020202020202
2026-07-15,0,98,0,12.959183673469388
2026-07-16,0,99,0,6.303030303030303
2026-07-17,1,101,0.009900990099009901,10.801980198019802
2026-07-18,0,87,0,11.03448275862069
2026-07-19,1,93,0.010752688172043012,14.129032258064516
2026-07-20,0,141,0,8.25531914893617
2026-07-21,0,123,0,11.447154471544716
2026-07-22,1,97,0.010309278350515464,14.123711340206185
2026-07-23,0,151,0,10.642384105960264
2026-07-24,0,106,0,17.037735849056602
2026-07-25,0,145,0,13.889655172413793
2026-07-26,0,126,0,14.706349206349206
2026-07-27,0,124,0,14.991935483870968
2026-07-28,0,156,0,16.423076923076923
2026-07-29,0,153,0,14.777777777777779
2026-07-30,1,163,0.006134969325153374,13.969325153374234
2026-07-31,1,100,0.01,18.45
2026-08-01,0,89,0,20.764044943820224
2026-08-02,0,118,0,23.093220338983052
2026-08-03,1,92,0.010869565217391304,18.206521739130434
2026-08-04,0,104,0,22.64423076923077
2026-08-05,0,148,0,19.18918918918919
2026-08-06,1,118,0.00847457627118644,22.847457627118644
2026-08-07,1,77,0.012987012987012988,19.571428571428573
2026-08-08,0,68,0,17.61764705882353
2026-08-09,3,130,0.023076923076923078,24.361538461538462
2026-08-10,0,126,0,23.174603174603174
2026-08-11,1,133,0.007518796992481203,25.428571428571427
2026-08-12,0,106,0,25.330188679245282
2026-08-13,0,127,0,23.070866141732285
2026-08-14,0,113,0,19.831858407079647
2026-08-15,0,86,0,25.058139534883722
2026-08-16,0,101,0,27.386138613861387
2026-08-17,1,74,0.013513513513513514,23.243243243243242
2026-08-18,0,106,0,30.90566037735849
2026-08-19,0,111,0,21.25225225225225
2026-08-20,0,104,0,23.307692307692307
2026-08-21,0,139,0,16.589928057553955
2026-08-22,1,90,0.011111111111111112,27.27777777777778
2026-08-23,0,70,0,21.34285714285714
2026-08-24,1,103,0.009708737864077669,22.57281553398058
2026-08-25,0,112,0,21.598214285714285
2026-08-26,0,122,0,15.901639344262295
2026-08-27,0,99,0,22.01010101010101
2026-08-28,0,98,0,28.56122448979592
2026-08-29,1,98,0.01020408163265306,33.55102040816327
2026-08-30,0,127,0,22.913385826771652
2026-08-31,0,86,0,18.058139534883722
2026-09-01,1,114,0.008771929824561403,13.75438596491228
2026-09-02,3,112,0.026785714285714284,14.473214285714286
2026-09-03,0,106,0,13.452830188679245
2026-09-04,0,141,0,17.5177304964539
2026-09-05,1,102,0.00980392156862745,12.5
2026-09-06,0,114,0,13.824561403508772
2026-09-07,2,182,0.01098901098901099,10.335164835164836
2026-09-08,1,164,0.006097560975609756,9.99390243902439
2026-09-09,2,129,0.015503875968992248,14.054263565891473
2026-09-10,0,89,0,13.292134831460674
2026-09-11,2,80,0.025,12.8625
2026-09-12,1,100,0.01,9.02
2026-09-13,0,81,0,11.17283950617284
2026-09-14,0,132,0,12.037878787878787
2026-09-15,0,113,0,10.194690265486726
2026-09-16,1,106,0.009433962264150943,9.88679245283019
2026-09-17,1,154,0.006493506493506494,7.123376623376624
2026-09-18,0,89,0,9.370786516853933
2026-09-19,1,73,0.0136986301369863,14.73972602739726
2026-09-20,0,115,0,7.947826086956522
2026-09-21,3,87,0.034482758620689655,10.091954022988507
2026-09-22,0,95,0,11.25263157894737
2026-09-23,0,98,0,10.051020408163266
2026-09-24,2,91,0.02197802197802198,10.637362637362637
2026-09-25,0,113,0,10.353982300884956
2026-09-26,1,75,0.013333333333333334,7.306666666666667
2026-09-27,11,113,0.09734513274336283,10.893805309734514
2026-09-28,5,122,0.040983606557377046,9.795081967213115
2026-09-29,2,95,0.021052631578947368,8.947368421052632
2026-09-30,0,95,0,11.063157894736841
2026-10-01,0,67,0,10.850746268656716
2026-10-02,1,71,0.014084507042253521,14.23943661971831
2026-10-03,0,63,0,13.873015873015873
2026-10-04,1,69,0.014492753623188406,13.014492753623188
